﻿{"name":"IT Forest Light","dataColors":["#734960","#A74F5B","#418D8D","#24A6A6","#A69337","#B9AF2E","#E5DA7A","#D8B199","#3599B8","#DFBFBF","#4AC5BB","#5F6B6D","#FB8281","#F4D25A","#7F898A","#A4DDEE","#FDAB89","#B687AC","#28738A","#A78F8F","#168980","#293537","#BB4A4A","#B59525","#475052","#6A9FB0","#BD7150","#7B4F71","#1B4D5C","#706060","#0F5C55","#1C2325"],"tableAccent":"#262A76","maximum":"#262A76","center":"#8E1F20","minimum":"#F1F1F1","textClasses":{"callout":{"color":"#383029"},"title":{"color":"#403936"}},"visualStyles":{"*":{"*":{"border":[{"show":false}],"visualTooltip":[{"titleFontColor":{"solid":{"color":"#FFFFFF"}},"valueFontColor":{"solid":{"color":"#FFFFFF"}}}]}}}}