﻿{"name":"Temperature","dataColors":["#262A76","#234990","#2F8AC3","#26B0D2","#FFC1CB","#EB5559","#AE3535","#8E1F20","#7D7FAD","#7B92BC","#82B9DB","#7DD0E4","#FFDAE0","#F3999B","#CE8686","#BB7979","#13153B","#122548","#184562","#135869","#806166","#762B2D","#571B1B","#471010","#475052","#6A9FB0","#BD7150","#7B4F71","#1B4D5C","#706060","#0F5C55","#1C2325"],"tableAccent":"#262A76","maximum":"#262A76","center":"#8E1F20","minimum":"#F1F1F1","visualStyles":{"*":{"*":{"visualTooltip":[{"titleFontColor":{"solid":{"color":"#FFFFFF"}},"valueFontColor":{"solid":{"color":"#FFFFFF"}}}],"outspacePane":[{"backgroundColor":{"solid":{"color":"#B8567B"}}}]}}}}