﻿{"name":"Loomy Lime","textClasses":{"callout":{"fontFace":"'Segoe UI', wf_segoe-ui_normal, helvetica, arial, sans-serif"},"title":{"fontFace":"'Segoe UI Bold', wf_segoe-ui_bold, helvetica, arial, sans-serif"},"header":{"fontFace":"'Segoe UI', wf_segoe-ui_normal, helvetica, arial, sans-serif"}},"dataColors":["#56C596","#329D9C","#9FD3C7","#1E2D38","#73788B","#F6F8FC","#B4BAC3","#232448"],"bad":"#9FD3C7","neutral":"#56C596","good":"#329D9C","minimum":"#9FD3C7","center":"#56C596","maximum":"#329D9C"}